18429287;M.;Couffin;Couffin;Grigorov;"secrétaire administratif de classe exceptionnelle";"secrétaire administratif de classe exceptionnelle";000;na;na;na;na;na;na
73207672;M.;Noble;Noble;Urbain;"administrateur civil hors classe";"administrateur civil hors classe";000;na;na;na;na;na;na
21649022;M.;Benmansour;Benmansour;Gil;;;000;na;na;na;na;na;na
66996561;M.;Turchet;Turchet;Serge;"secrétaire administratif de classe exceptionnelle";"secrétaire administratif de classe exceptionnelle";000;na;na;na;na;na;na
07104087;M.;Bruneel;Bruneel;Erik;"administrateur civil";"administrateur civil";000;na;na;na;na;na;na
78553673;M.;Guenerie;Guenerie;Xavier;"adjoint administratif principal de 2ème classe";"adjoint administratif principal de 2ème classe";000;na;na;na;na;na;na
09355091;M.;Clolus;Clolus;Géraldine;"adjoint administratif 2ème classe";"adjoint administratif 2ème classe";000;na;na;na;na;na;na
32817616;M.;"De vfsj";"De vfsj";Ahcene;"adjoint technique 2ème classe";"adjoint technique 2ème classe";000;na;na;na;na;na;na
71853881;M.;Jacquesson;Jacquesson;Malcom;attaché;attaché;000;na;na;na;na;na;na
86335711;M.;Arnoux;Arnoux;Jean-Pierre;"administrateur civil";"administrateur civil";000;na;na;na;na;na;na
48150888;M.;Hiblot;Hiblot;Stéphane;;;000;na;na;na;na;na;na
84695989;M.;Guideau;Guideau;Jan;"adjoint administratif principal de 1ère classe";"adjoint administratif principal de 1ère classe";000;na;na;na;na;na;na
81482496;M.;Wiliams;Wiliams;Gerald;;;000;na;na;na;na;na;na
17235378;M.;"De verclos";"De verclos";Nemesis;"adjoint technique principal de 1ère classe";"adjoint technique principal de 1ère classe";000;na;na;na;na;na;na
84174767;M.;Contet;Contet;Francisco;;;000;na;na;na;na;na;na
49677918;M.;Aboudou;Aboudou;Jean-Yves;"Chef de service";"Chef de service";000;na;na;na;na;na;na
29070771;M.;Ratus;Ratus;Stephan;"secrétaire administratif de classe exceptionnelle";"secrétaire administratif de classe exceptionnelle";000;na;na;na;na;na;na
78888423;M.;Cusimano;Cusimano;Elsa;"adjoint administratif 1ère classe";"adjoint administratif 1ère classe";000;na;na;na;na;na;na
09749649;M.;Gentel;Gentel;"Jean Vincent";"secrétaire administratif de classe normale";"secrétaire administratif de classe normale";000;na;na;na;na;na;na
53858485;M.;Lengrand;Lengrand;Erik;"adjoint administratif 1ère classe";"adjoint administratif 1ère classe";000;na;na;na;na;na;na
54433001;M.;Delta;Delta;Jimmy;"secrétaire administratif de classe exceptionnelle";"secrétaire administratif de classe exceptionnelle";000;na;na;na;na;na;na
92320447;M.;Devoyon;Devoyon;Ben;"adjoint administratif principal de 2ème classe";"adjoint administratif principal de 2ème classe";000;na;na;na;na;na;na
02406463;M.;Jovin;Jovin;Tristan;"technicien de laboratoire de classe normale";"technicien de laboratoire de classe normale";000;na;na;na;na;na;na
62807425;M.;Danton;Danton;Gilbert;"adjoint administratif principal de 1ère classe";"adjoint administratif principal de 1ère classe";000;na;na;na;na;na;na
45084985;M.;Markusse;Markusse;Jean-Patrick;"adjoint technique principal de 1ère classe";"adjoint technique principal de 1ère classe";000;na;na;na;na;na;na
49765240;M.;Battini;Battini;Florian;;;000;na;na;na;na;na;na
77123617;M.;Knockaert;Knockaert;Ray;"adjoint technique principal de 1ère classe";"adjoint technique principal de 1ère classe";000;na;na;na;na;na;na
64828706;M.;Layous;Layous;Patrice;"adjoint technique principal de 2ème classe";"adjoint technique principal de 2ème classe";000;na;na;na;na;na;na
80187248;M.;Berraud;Berraud;Yannis;;;000;na;na;na;na;na;na
54997339;M.;Serratore;Serratore;Gerald;"adjoint administratif 1ère classe";"adjoint administratif 1ère classe";000;na;na;na;na;na;na
52028978;M.;Massias;Massias;Nicole;"secrétaire administratif de classe normale";"secrétaire administratif de classe normale";000;na;na;na;na;na;na
83914297;M.;Stef;Stef;Emile;"technicien de laboratoire de classe exceptionnelle";"technicien de laboratoire de classe exceptionnelle";000;na;na;na;na;na;na
55701662;M.;Candelot;Candelot;Nathalie;attaché;attaché;000;na;na;na;na;na;na
06638564;M.;Gay;Gay;Jan;"adjoint technique principal de 1ère classe";"adjoint technique principal de 1ère classe";000;na;na;na;na;na;na
65253855;M.;Dieudonné;Dieudonné;Martin;"technicien de laboratoire de classe supérieure";"technicien de laboratoire de classe supérieure";000;na;na;na;na;na;na
56923584;M.;Rogez;Rogez;Nesrine;;;000;na;na;na;na;na;na
87205104;M.;"Le besq";"Le besq";Juliian;attaché;attaché;000;na;na;na;na;na;na
16819313;M.;Schaal;Schaal;Xavier;"adjoint administratif principal de 2ème classe";"adjoint administratif principal de 2ème classe";000;na;na;na;na;na;na
35007794;M.;Pagot;Pagot;Hoerdt;"adjoint administratif 1ère classe";"adjoint administratif 1ère classe";000;na;na;na;na;na;na
36525840;M.;Dargnat;Dargnat;Henri;"adjoint administratif principal de 1ère classe";"adjoint administratif principal de 1ère classe";000;na;na;na;na;na;na
65521343;M.;Coiffier;Coiffier;Jimmy;;;000;na;na;na;na;na;na
42834113;M.;Fauchon;Fauchon;Christophe;"adjoint administratif principal de 1ère classe";"adjoint administratif principal de 1ère classe";000;na;na;na;na;na;na
59759691;M.;Isaac;Isaac;Philippe;attaché;attaché;000;na;na;na;na;na;na
54436291;M.;Severin;Severin;Daid;"secrétaire administratif de classe normale";"secrétaire administratif de classe normale";000;na;na;na;na;na;na
11907742;M.;Grasset;Grasset;Raymond;;;000;na;na;na;na;na;na
12317485;M.;Azran;Azran;Jean-Michel;;;000;na;na;na;na;na;na
81797375;M.;Bertolino;Bertolino;Aurélien;"adjoint administratif principal de 2ème classe";"adjoint administratif principal de 2ème classe";000;na;na;na;na;na;na
20506319;M.;Koukou;Koukou;Nat;"secrétaire administratif de classe exceptionnelle";"secrétaire administratif de classe exceptionnelle";000;na;na;na;na;na;na
90487522;M.;Levasseur;Levasseur;Laure;"adjoint administratif principal de 1ère classe";"adjoint administratif principal de 1ère classe";000;na;na;na;na;na;na
47036132;M.;Lesturgeon;Lesturgeon;Willy;"adjoint administratif 2ème classe";"adjoint administratif 2ème classe";000;na;na;na;na;na;na
48028637;M.;Gouez;Gouez;Bruno;"administrateur civil";"administrateur civil";000;na;na;na;na;na;na
82806047;M.;Xxxxx;Xxxxx;Pat;"technicien de laboratoire de classe normale";"technicien de laboratoire de classe normale";000;na;na;na;na;na;na
11342651;M.;Derame;Derame;Gilbert;"adjoint technique principal de 2ème classe";"adjoint technique principal de 2ème classe";000;na;na;na;na;na;na
32290294;M.;Garrido;Garrido;Sandrine;"secrétaire administratif de classe exceptionnelle";"secrétaire administratif de classe exceptionnelle";000;na;na;na;na;na;na
43576444;M.;Pires;Pires;Liliane;attaché;attaché;000;na;na;na;na;na;na
57158110;M.;Servelle;Servelle;Ender;"adjoint technique principal de 2ème classe";"adjoint technique principal de 2ème classe";000;na;na;na;na;na;na
72895701;M.;Laleuw;Laleuw;Stéphane;"adjoint administratif principal de 2ème classe";"adjoint administratif principal de 2ème classe";000;na;na;na;na;na;na
66065293;M.;Cueille;Cueille;Rolland;"secrétaire administratif de classe exceptionnelle";"secrétaire administratif de classe exceptionnelle";000;na;na;na;na;na;na
27947608;M.;Festal;Festal;Geneviève;"adjoint administratif 1ère classe";"adjoint administratif 1ère classe";000;na;na;na;na;na;na
35141393;M.;Tintin;Tintin;Douglas;"adjoint administratif 2ème classe";"adjoint administratif 2ème classe";000;na;na;na;na;na;na
53738875;M.;Sourdais;Sourdais;Emmanuel;"technicien de laboratoire de classe supérieure";"technicien de laboratoire de classe supérieure";000;na;na;na;na;na;na
58495606;M.;Cadin;Cadin;Ishak;;;000;na;na;na;na;na;na
33107474;M.;Boy;Boy;Monique;;;000;na;na;na;na;na;na
30794074;M.;Aubin;Aubin;Véronique;;;000;na;na;na;na;na;na
45578641;M.;Herbiet;Herbiet;Vassili;"administrateur civil hors classe";"administrateur civil hors classe";000;na;na;na;na;na;na
14231706;M.;Mesplé;Mesplé;Xavier;"adjoint technique 2ème classe";"adjoint technique 2ème classe";000;na;na;na;na;na;na
38670427;M.;Gasche;Gasche;Ben;"adjoint technique principal de 1ère classe";"adjoint technique principal de 1ère classe";000;na;na;na;na;na;na
55882656;M.;Konig;Konig;Sandrine;"technicien de laboratoire de classe exceptionnelle";"technicien de laboratoire de classe exceptionnelle";000;na;na;na;na;na;na
74045436;M.;Balembois;Balembois;Manuel;"adjoint administratif principal de 1ère classe";"adjoint administratif principal de 1ère classe";000;na;na;na;na;na;na
43099890;M.;Murielle;Murielle;Chloe;"adjoint technique principal de 1ère classe";"adjoint technique principal de 1ère classe";000;na;na;na;na;na;na
76702758;M.;Morison;Morison;Dominique;"adjoint technique principal de 1ère classe";"adjoint technique principal de 1ère classe";000;na;na;na;na;na;na
86397750;M.;Meuris;Meuris;Jean-Hugues;"adjoint administratif 2ème classe";"adjoint administratif 2ème classe";000;na;na;na;na;na;na
13949452;M.;Varotte;Varotte;Anne;"technicien de laboratoire de classe exceptionnelle";"technicien de laboratoire de classe exceptionnelle";000;na;na;na;na;na;na
11645754;M.;Rambert;Rambert;François;"attaché principal";"attaché principal";000;na;na;na;na;na;na
82210873;M.;Fak;Fak;Walter;"technicien de laboratoire de classe exceptionnelle";"technicien de laboratoire de classe exceptionnelle";000;na;na;na;na;na;na
83687372;M.;Duboz;Duboz;Titof;"adjoint technique principal de 1ère classe";"adjoint technique principal de 1ère classe";000;na;na;na;na;na;na
87347150;M.;Velenovsky;Velenovsky;Rackam;"technicien de laboratoire de classe exceptionnelle";"technicien de laboratoire de classe exceptionnelle";000;na;na;na;na;na;na
31511065;M.;Pededieu;Pededieu;Titof;"administrateur civil";"administrateur civil";000;na;na;na;na;na;na
13103158;M.;Richeboeuf;Richeboeuf;Francisco;"adjoint administratif 1ère classe";"adjoint administratif 1ère classe";000;na;na;na;na;na;na
80470366;M.;Grota;Grota;Colette;"adjoint technique principal de 1ère classe";"adjoint technique principal de 1ère classe";000;na;na;na;na;na;na
27933528;M.;Pruvot;Pruvot;Antoine;"secrétaire administratif de classe supérieure";"secrétaire administratif de classe supérieure";000;na;na;na;na;na;na
24892370;M.;Cheze;Cheze;Jean-baptiste;"secrétaire administratif de classe supérieure";"secrétaire administratif de classe supérieure";000;na;na;na;na;na;na
92871613;M.;Turquin;Turquin;Florent;;;000;na;na;na;na;na;na
86802559;M.;Nedelec;Nedelec;Chloe;"secrétaire administratif de classe normale";"secrétaire administratif de classe normale";000;na;na;na;na;na;na
97324046;M.;Lenepveu;Lenepveu;Yohan;;;000;na;na;na;na;na;na
87573200;M.;Thomé;Thomé;Jean-Paul;;;000;na;na;na;na;na;na
99160764;M.;Stockmart;Stockmart;José;"Chef de service";"Chef de service";000;na;na;na;na;na;na
24879797;M.;Trique;Trique;Jean-Christian;"adjoint administratif principal de 1ère classe";"adjoint administratif principal de 1ère classe";000;na;na;na;na;na;na
61999750;M.;Desfaudais;Desfaudais;Charlotte;"administrateur civil";"administrateur civil";000;na;na;na;na;na;na
06108257;M.;Castelain;Castelain;Bruno;"administrateur civil";"administrateur civil";000;na;na;na;na;na;na
05342787;M.;Lembourbé;Lembourbé;Phil;;;000;na;na;na;na;na;na
57152564;M.;Vik;Vik;Danièle;"adjoint technique principal de 2ème classe";"adjoint technique principal de 2ème classe";000;na;na;na;na;na;na
45388147;M.;Benmerabet;Benmerabet;Fred;"secrétaire administratif de classe supérieure";"secrétaire administratif de classe supérieure";000;na;na;na;na;na;na
34101607;M.;Voisin;Voisin;Lupin;"secrétaire administratif de classe supérieure";"secrétaire administratif de classe supérieure";000;na;na;na;na;na;na
83562303;M.;Petrovic;Petrovic;André;;;000;na;na;na;na;na;na
42158482;M.;Breust;Breust;Denis;"adjoint technique principal de 1ère classe";"adjoint technique principal de 1ère classe";000;na;na;na;na;na;na
97801125;M.;Achereau;Achereau;Adam;"adjoint technique principal de 2ème classe";"adjoint technique principal de 2ème classe";000;na;na;na;na;na;na
54144114;M.;Verrier;Verrier;Max;"administrateur civil";"administrateur civil";000;na;na;na;na;na;na
57113248;M.;Diouca;Diouca;Didier;"administrateur civil";"administrateur civil";000;na;na;na;na;na;na
10472672;M.;Stark;Stark;Arnaud;"adjoint technique principal de 2ème classe";"adjoint technique principal de 2ème classe";000;na;na;na;na;na;na
01186859;M.;Boutault;Boutault;Alain;;;000;na;na;na;na;na;na
22002204;M.;Savart;Savart;Gerald;"attaché principal";"attaché principal";000;na;na;na;na;na;na
57932657;M.;Doualle;Doualle;Cécilia;"Chef de service";"Chef de service";000;na;na;na;na;na;na
50083271;M.;Revault;Revault;Florent;"adjoint technique 2ème classe";"adjoint technique 2ème classe";000;na;na;na;na;na;na
26438625;M.;Multins;Multins;Jonathan;"secrétaire administratif de classe supérieure";"secrétaire administratif de classe supérieure";000;na;na;na;na;na;na
78684690;M.;Pastaga;Pastaga;François;"administrateur civil hors classe";"administrateur civil hors classe";000;na;na;na;na;na;na
79532021;M.;Wattrelot;Wattrelot;Rolland;attaché;attaché;000;na;na;na;na;na;na
26871908;M.;Dumaine;Dumaine;Ahcene;"adjoint administratif principal de 2ème classe";"adjoint administratif principal de 2ème classe";000;na;na;na;na;na;na
58551794;M.;Nopi;Nopi;Yannis;;;000;na;na;na;na;na;na
46054265;M.;Laveaux;Laveaux;Arnaud;"adjoint technique principal de 2ème classe";"adjoint technique principal de 2ème classe";000;na;na;na;na;na;na
75932044;M.;Bouilleret;Bouilleret;Laure;"secrétaire administratif de classe supérieure";"secrétaire administratif de classe supérieure";000;na;na;na;na;na;na
78307971;M.;Cunnac;Cunnac;Romain;"secrétaire administratif de classe supérieure";"secrétaire administratif de classe supérieure";000;na;na;na;na;na;na
08232775;M.;Galmiche;Galmiche;Cécilia;"Chef de service";"Chef de service";000;na;na;na;na;na;na
91084998;M.;Frachon;Frachon;Fabien;"adjoint technique 2ème classe";"adjoint technique 2ème classe";000;na;na;na;na;na;na
22731191;M.;Maubert;Maubert;Franck;"adjoint administratif principal de 2ème classe";"adjoint administratif principal de 2ème classe";000;na;na;na;na;na;na
50650329;M.;Bacquart;Bacquart;Ange;"adjoint technique principal de 2ème classe";"adjoint technique principal de 2ème classe";000;na;na;na;na;na;na
03300262;M.;Oudelet;Oudelet;Annie;;;000;na;na;na;na;na;na
99491051;M.;Pique;Pique;Jean-Pierre;"secrétaire administratif de classe exceptionnelle";"secrétaire administratif de classe exceptionnelle";000;na;na;na;na;na;na
85044834;M.;Mezerette;Mezerette;Mickaël;"adjoint administratif principal de 2ème classe";"adjoint administratif principal de 2ème classe";000;na;na;na;na;na;na
66427496;M.;Jouffroy;Jouffroy;Arnaud;"adjoint administratif principal de 2ème classe";"adjoint administratif principal de 2ème classe";000;na;na;na;na;na;na
46117915;M.;Tresgots;Tresgots;Cécilia;attaché;attaché;000;na;na;na;na;na;na
37524480;M.;Mainguy;Mainguy;Olivier;"secrétaire administratif de classe exceptionnelle";"secrétaire administratif de classe exceptionnelle";000;na;na;na;na;na;na
83214470;M.;"Alves francis";"Alves francis";Kafe;"administrateur civil";"administrateur civil";000;na;na;na;na;na;na
51866722;M.;Delangle;Delangle;Hichem;attaché;attaché;000;na;na;na;na;na;na
79678347;M.;Merienne;Merienne;Jean-Patrick;"adjoint technique 2ème classe";"adjoint technique 2ème classe";000;na;na;na;na;na;na
93305929;M.;Blon;Blon;Fabien;"administrateur civil hors classe";"administrateur civil hors classe";000;na;na;na;na;na;na
93454659;M.;"Le henaff";"Le henaff";Fabrice;;;000;na;na;na;na;na;na
10514598;M.;Halleb;Halleb;Ludovic;"adjoint technique 1ère classe";"adjoint technique 1ère classe";000;na;na;na;na;na;na
69868252;M.;Kasgtor;Kasgtor;Romain;"secrétaire administratif de classe normale";"secrétaire administratif de classe normale";000;na;na;na;na;na;na
08375752;M.;Marjorie;Marjorie;Yohan;"adjoint administratif 2ème classe";"adjoint administratif 2ème classe";000;na;na;na;na;na;na
56436710;M.;Ravonneaux;Ravonneaux;Nat;;;000;na;na;na;na;na;na
43175385;M.;Diakite;Diakite;Marius;;;000;na;na;na;na;na;na
43980417;M.;Messali;Messali;Alex;"secrétaire administratif de classe supérieure";"secrétaire administratif de classe supérieure";000;na;na;na;na;na;na
69339332;M.;Touze;Touze;Christian;"adjoint technique principal de 2ème classe";"adjoint technique principal de 2ème classe";000;na;na;na;na;na;na
23220045;M.;Cacerois;Cacerois;Annie;"Chef de service";"Chef de service";000;na;na;na;na;na;na
82797078;M.;Danjard;Danjard;Lair;"adjoint administratif principal de 2ème classe";"adjoint administratif principal de 2ème classe";000;na;na;na;na;na;na
74617672;M.;Bacquart;Bacquart;Arnaud;;;000;na;na;na;na;na;na
50999065;M.;Mouillet;Mouillet;Gilbert;"administrateur civil hors classe";"administrateur civil hors classe";000;na;na;na;na;na;na
21610804;M.;Brenugat;Brenugat;Guylaine;"technicien de laboratoire de classe exceptionnelle";"technicien de laboratoire de classe exceptionnelle";000;na;na;na;na;na;na
81313414;M.;Ademe;Ademe;Laure;;;000;na;na;na;na;na;na
53441437;M.;Roser;Roser;Emile;;;000;na;na;na;na;na;na
83198943;M.;Dansin;Dansin;Liliane;;;000;na;na;na;na;na;na
70422484;M.;Sim;Sim;Quentin;"adjoint administratif 2ème classe";"adjoint administratif 2ème classe";000;na;na;na;na;na;na
03219021;M.;Yves;Yves;Arnaud;"secrétaire administratif de classe normale";"secrétaire administratif de classe normale";000;na;na;na;na;na;na
12896817;M.;Yo;Yo;Elsa;"adjoint technique 2ème classe";"adjoint technique 2ème classe";000;na;na;na;na;na;na
96540829;M.;Masson;Masson;Cécile;;;000;na;na;na;na;na;na
52259684;M.;Bois;Bois;Stephan;"attaché principal";"attaché principal";000;na;na;na;na;na;na
29888124;M.;Dfg;Dfg;Yves;;;000;na;na;na;na;na;na
23135107;M.;Choyer;Choyer;Anthony;"technicien de laboratoire de classe exceptionnelle";"technicien de laboratoire de classe exceptionnelle";000;na;na;na;na;na;na
65108727;M.;Clet;Clet;Annie;"administrateur civil hors classe";"administrateur civil hors classe";000;na;na;na;na;na;na
57360634;M.;Bessette;Bessette;Thibault;;;000;na;na;na;na;na;na
51665238;M.;Casset;Casset;Tristan;"secrétaire administratif de classe supérieure";"secrétaire administratif de classe supérieure";000;na;na;na;na;na;na
72394787;M.;Canc;Canc;Patricia;"administrateur civil hors classe";"administrateur civil hors classe";000;na;na;na;na;na;na
25434720;M.;Guichard;Guichard;JC;"technicien de laboratoire de classe normale";"technicien de laboratoire de classe normale";000;na;na;na;na;na;na
01829250;M.;Belabbas;Belabbas;Lilian;"Chef de service";"Chef de service";000;na;na;na;na;na;na
32006992;M.;Trei;Trei;Jessica;"adjoint technique principal de 1ère classe";"adjoint technique principal de 1ère classe";000;na;na;na;na;na;na
73159606;M.;Veyrune;Veyrune;Jamal;"technicien de laboratoire de classe normale";"technicien de laboratoire de classe normale";000;na;na;na;na;na;na
51449903;M.;Junjaud;Junjaud;Sam;"adjoint technique 1ère classe";"adjoint technique 1ère classe";000;na;na;na;na;na;na
89327696;M.;Chaxou;Chaxou;Raoul;"adjoint technique principal de 2ème classe";"adjoint technique principal de 2ème classe";000;na;na;na;na;na;na
08609545;M.;Jockers;Jockers;Cyril;;;000;na;na;na;na;na;na
66773942;M.;Lafutaye;Lafutaye;"Jean Vincent";attaché;attaché;000;na;na;na;na;na;na
67270630;M.;Delagos;Delagos;Maryline;"administrateur civil";"administrateur civil";000;na;na;na;na;na;na
57695921;M.;Bandon;Bandon;Patricia;"secrétaire administratif de classe normale";"secrétaire administratif de classe normale";000;na;na;na;na;na;na
26170264;M.;Premel;Premel;Jack;"technicien de laboratoire de classe exceptionnelle";"technicien de laboratoire de classe exceptionnelle";000;na;na;na;na;na;na
62084458;M.;Lampoule;Lampoule;Al;"Chef de service";"Chef de service";000;na;na;na;na;na;na
98489144;M.;Volker;Volker;Brest;"secrétaire administratif de classe normale";"secrétaire administratif de classe normale";000;na;na;na;na;na;na
19206369;M.;Beltran;Beltran;Jean-Marie;"adjoint technique principal de 2ème classe";"adjoint technique principal de 2ème classe";000;na;na;na;na;na;na
54085306;M.;Husson;Husson;Thierry;"secrétaire administratif de classe normale";"secrétaire administratif de classe normale";000;na;na;na;na;na;na
10212764;M.;Bien;Bien;Jean-Paul;"technicien de laboratoire de classe supérieure";"technicien de laboratoire de classe supérieure";000;na;na;na;na;na;na
81451973;M.;Motte;Motte;Lomig;;;000;na;na;na;na;na;na
87018935;M.;Augros;Augros;Géraldine;;;000;na;na;na;na;na;na
36511621;M.;Bezot;Bezot;Tristan;;;000;na;na;na;na;na;na
47227162;M.;Moll;Moll;Stef;"administrateur civil hors classe";"administrateur civil hors classe";000;na;na;na;na;na;na
64234675;M.;Cupi;Cupi;Cyrille;;;000;na;na;na;na;na;na
01262732;M.;Hebert;Hebert;Al;"administrateur civil hors classe";"administrateur civil hors classe";000;na;na;na;na;na;na
27724749;M.;Chaudanson;Chaudanson;Ernest;"Chef de service";"Chef de service";000;na;na;na;na;na;na
89486243;M.;Guiberteau;Guiberteau;Jean-Pierre;"adjoint administratif 1ère classe";"adjoint administratif 1ère classe";000;na;na;na;na;na;na
45029894;M.;Gaudon;Gaudon;Jean-Pierre;;;000;na;na;na;na;na;na
27745482;M.;Koukho;Koukho;Jean-Hugues;"adjoint technique 1ère classe";"adjoint technique 1ère classe";000;na;na;na;na;na;na
50394249;M.;Theologien;Theologien;Richard;"conseiller technique de service social";"conseiller technique de service social";000;na;na;na;na;na;na
64144244;M.;Loisier;Loisier;Jos;"adjoint administratif 2ème classe";"adjoint administratif 2ème classe";000;na;na;na;na;na;na
46285048;M.;Ghraoui;Ghraoui;Nadège;"administrateur civil";"administrateur civil";000;na;na;na;na;na;na
73478984;M.;Delimard;Delimard;Cyril;"adjoint administratif 1ère classe";"adjoint administratif 1ère classe";000;na;na;na;na;na;na
63132849;M.;Capdivila;Capdivila;Charlotte;"conseiller technique de service social";"conseiller technique de service social";000;na;na;na;na;na;na
70330877;M.;Brand;Brand;Antonio;"administrateur civil";"administrateur civil";000;na;na;na;na;na;na
21834400;M.;Wattrelot;Wattrelot;Mireille;"adjoint technique 1ère classe";"adjoint technique 1ère classe";000;na;na;na;na;na;na
58087485;M.;Konlein;Konlein;Henri;;;000;na;na;na;na;na;na
77783383;M.;Cren;Cren;Isa;;;000;na;na;na;na;na;na
42091148;M.;Zimmermann;Zimmermann;Biface;;;000;na;na;na;na;na;na
52166155;M.;Clécy;Clécy;Thibault;"adjoint technique 2ème classe";"adjoint technique 2ème classe";000;na;na;na;na;na;na
54384838;M.;Christelle;Christelle;Mathieu;"adjoint technique 2ème classe";"adjoint technique 2ème classe";000;na;na;na;na;na;na
45857906;M.;Bl;Bl;Cid;;;000;na;na;na;na;na;na
23429489;M.;Donet;Donet;Jean-François;"technicien de laboratoire de classe exceptionnelle";"technicien de laboratoire de classe exceptionnelle";000;na;na;na;na;na;na
84072174;M.;Bellet;Bellet;Alex;"adjoint administratif 1ère classe";"adjoint administratif 1ère classe";000;na;na;na;na;na;na
79571628;M.;Barbe;Barbe;Henri;;;000;na;na;na;na;na;na
49530838;M.;Meca;Meca;Elisabeth;"adjoint technique 1ère classe";"adjoint technique 1ère classe";000;na;na;na;na;na;na
63454733;M.;Balmer;Balmer;Dominique;"adjoint administratif 2ème classe";"adjoint administratif 2ème classe";000;na;na;na;na;na;na
70805851;M.;Borde;Borde;Mag;;;000;na;na;na;na;na;na
28514399;M.;Uncle;Uncle;Michaël;attaché;attaché;000;na;na;na;na;na;na
27754516;M.;Letemps;Letemps;Hakim;;;000;na;na;na;na;na;na
